[
  { "city": "New York", "state": "NY", "stateName": "New York", "display": "New York, NY" },
  { "city": "Los Angeles", "state": "CA", "stateName": "California", "display": "Los Angeles, CA" },
  { "city": "Chicago", "state": "IL", "stateName": "Illinois", "display": "Chicago, IL" },
  { "city": "Houston", "state": "TX", "stateName": "Texas", "display": "Houston, TX" },
  { "city": "Phoenix", "state": "AZ", "stateName": "Arizona", "display": "Phoenix, AZ" },
  { "city": "Philadelphia", "state": "PA", "stateName": "Pennsylvania", "display": "Philadelphia, PA" },
  { "city": "San Antonio", "state": "TX", "stateName": "Texas", "display": "San Antonio, TX" },
  { "city": "San Diego", "state": "CA", "stateName": "California", "display": "San Diego, CA" },
  { "city": "Dallas", "state": "TX", "stateName": "Texas", "display": "Dallas, TX" },
  { "city": "San Jose", "state": "CA", "stateName": "California", "display": "San Jose, CA" },
  { "city": "Austin", "state": "TX", "stateName": "Texas", "display": "Austin, TX" },
  { "city": "Jacksonville", "state": "FL", "stateName": "Florida", "display": "Jacksonville, FL" },
  { "city": "Fort Worth", "state": "TX", "stateName": "Texas", "display": "Fort Worth, TX" },
  { "city": "Columbus", "state": "OH", "stateName": "Ohio", "display": "Columbus, OH" },
  { "city": "Charlotte", "state": "NC", "stateName": "North Carolina", "display": "Charlotte, NC" },
  { "city": "San Francisco", "state": "CA", "stateName": "California", "display": "San Francisco, CA" },
  { "city": "Indianapolis", "state": "IN", "stateName": "Indiana", "display": "Indianapolis, IN" },
  { "city": "Seattle", "state": "WA", "stateName": "Washington", "display": "Seattle, WA" },
  { "city": "Denver", "state": "CO", "stateName": "Colorado", "display": "Denver, CO" },
  { "city": "Washington", "state": "DC", "stateName": "District of Columbia", "display": "Washington, DC" },
  { "city": "Boston", "state": "MA", "stateName": "Massachusetts", "display": "Boston, MA" },
  { "city": "El Paso", "state": "TX", "stateName": "Texas", "display": "El Paso, TX" },
  { "city": "Detroit", "state": "MI", "stateName": "Michigan", "display": "Detroit, MI" },
  { "city": "Nashville", "state": "TN", "stateName": "Tennessee", "display": "Nashville, TN" },
  { "city": "Portland", "state": "OR", "stateName": "Oregon", "display": "Portland, OR" },
  { "city": "Memphis", "state": "TN", "stateName": "Tennessee", "display": "Memphis, TN" },
  { "city": "Oklahoma City", "state": "OK", "stateName": "Oklahoma", "display": "Oklahoma City, OK" },
  { "city": "Las Vegas", "state": "NV", "stateName": "Nevada", "display": "Las Vegas, NV" },
  { "city": "Louisville", "state": "KY", "stateName": "Kentucky", "display": "Louisville, KY" },
  { "city": "Baltimore", "state": "MD", "stateName": "Maryland", "display": "Baltimore, MD" },
  { "city": "Milwaukee", "state": "WI", "stateName": "Wisconsin", "display": "Milwaukee, WI" },
  { "city": "Albuquerque", "state": "NM", "stateName": "New Mexico", "display": "Albuquerque, NM" },
  { "city": "Tucson", "state": "AZ", "stateName": "Arizona", "display": "Tucson, AZ" },
  { "city": "Fresno", "state": "CA", "stateName": "California", "display": "Fresno, CA" },
  { "city": "Sacramento", "state": "CA", "stateName": "California", "display": "Sacramento, CA" },
  { "city": "Kansas City", "state": "MO", "stateName": "Missouri", "display": "Kansas City, MO" },
  { "city": "Mesa", "state": "AZ", "stateName": "Arizona", "display": "Mesa, AZ" },
  { "city": "Atlanta", "state": "GA", "stateName": "Georgia", "display": "Atlanta, GA" },
  { "city": "Omaha", "state": "NE", "stateName": "Nebraska", "display": "Omaha, NE" },
  { "city": "Colorado Springs", "state": "CO", "stateName": "Colorado", "display": "Colorado Springs, CO" },
  { "city": "Raleigh", "state": "NC", "stateName": "North Carolina", "display": "Raleigh, NC" },
  { "city": "Miami", "state": "FL", "stateName": "Florida", "display": "Miami, FL" },
  { "city": "Virginia Beach", "state": "VA", "stateName": "Virginia", "display": "Virginia Beach, VA" },
  { "city": "Oakland", "state": "CA", "stateName": "California", "display": "Oakland, CA" },
  { "city": "Minneapolis", "state": "MN", "stateName": "Minnesota", "display": "Minneapolis, MN" },
  { "city": "Tulsa", "state": "OK", "stateName": "Oklahoma", "display": "Tulsa, OK" },
  { "city": "Tampa", "state": "FL", "stateName": "Florida", "display": "Tampa, FL" },
  { "city": "Cleveland", "state": "OH", "stateName": "Ohio", "display": "Cleveland, OH" },
  { "city": "Wichita", "state": "KS", "stateName": "Kansas", "display": "Wichita, KS" },
  { "city": "Arlington", "state": "TX", "stateName": "Texas", "display": "Arlington, TX" },
  { "city": "New Orleans", "state": "LA", "stateName": "Louisiana", "display": "New Orleans, LA" },
  { "city": "Honolulu", "state": "HI", "stateName": "Hawaii", "display": "Honolulu, HI" },
  { "city": "Anaheim", "state": "CA", "stateName": "California", "display": "Anaheim, CA" },
  { "city": "Santa Ana", "state": "CA", "stateName": "California", "display": "Santa Ana, CA" },
  { "city": "St. Louis", "state": "MO", "stateName": "Missouri", "display": "St. Louis, MO" },
  { "city": "Riverside", "state": "CA", "stateName": "California", "display": "Riverside, CA" },
  { "city": "Corpus Christi", "state": "TX", "stateName": "Texas", "display": "Corpus Christi, TX" },
  { "city": "Lexington", "state": "KY", "stateName": "Kentucky", "display": "Lexington, KY" },
  { "city": "Henderson", "state": "NV", "stateName": "Nevada", "display": "Henderson, NV" },
  { "city": "Stockton", "state": "CA", "stateName": "California", "display": "Stockton, CA" },
  { "city": "Saint Paul", "state": "MN", "stateName": "Minnesota", "display": "Saint Paul, MN" },
  { "city": "Cincinnati", "state": "OH", "stateName": "Ohio", "display": "Cincinnati, OH" },
  { "city": "St. Petersburg", "state": "FL", "stateName": "Florida", "display": "St. Petersburg, FL" },
  { "city": "Pittsburgh", "state": "PA", "stateName": "Pennsylvania", "display": "Pittsburgh, PA" },
  { "city": "Greensboro", "state": "NC", "stateName": "North Carolina", "display": "Greensboro, NC" },
  { "city": "Lincoln", "state": "NE", "stateName": "Nebraska", "display": "Lincoln, NE" },
  { "city": "Anchorage", "state": "AK", "stateName": "Alaska", "display": "Anchorage, AK" },
  { "city": "Plano", "state": "TX", "stateName": "Texas", "display": "Plano, TX" },
  { "city": "Orlando", "state": "FL", "stateName": "Florida", "display": "Orlando, FL" },
  { "city": "Irvine", "state": "CA", "stateName": "California", "display": "Irvine, CA" },
  { "city": "Newark", "state": "NJ", "stateName": "New Jersey", "display": "Newark, NJ" },
  { "city": "Durham", "state": "NC", "stateName": "North Carolina", "display": "Durham, NC" },
  { "city": "Chula Vista", "state": "CA", "stateName": "California", "display": "Chula Vista, CA" },
  { "city": "Toledo", "state": "OH", "stateName": "Ohio", "display": "Toledo, OH" },
  { "city": "Fort Wayne", "state": "IN", "stateName": "Indiana", "display": "Fort Wayne, IN" },
  { "city": "St. Petersburg", "state": "FL", "stateName": "Florida", "display": "St. Petersburg, FL" },
  { "city": "Laredo", "state": "TX", "stateName": "Texas", "display": "Laredo, TX" },
  { "city": "Jersey City", "state": "NJ", "stateName": "New Jersey", "display": "Jersey City, NJ" },
  { "city": "Chandler", "state": "AZ", "stateName": "Arizona", "display": "Chandler, AZ" },
  { "city": "Madison", "state": "WI", "stateName": "Wisconsin", "display": "Madison, WI" },
  { "city": "Lubbock", "state": "TX", "stateName": "Texas", "display": "Lubbock, TX" },
  { "city": "Scottsdale", "state": "AZ", "stateName": "Arizona", "display": "Scottsdale, AZ" },
  { "city": "Reno", "state": "NV", "stateName": "Nevada", "display": "Reno, NV" },
  { "city": "Buffalo", "state": "NY", "stateName": "New York", "display": "Buffalo, NY" },
  { "city": "Gilbert", "state": "AZ", "stateName": "Arizona", "display": "Gilbert, AZ" },
  { "city": "Glendale", "state": "AZ", "stateName": "Arizona", "display": "Glendale, AZ" },
  { "city": "North Las Vegas", "state": "NV", "stateName": "Nevada", "display": "North Las Vegas, NV" },
  { "city": "Winston-Salem", "state": "NC", "stateName": "North Carolina", "display": "Winston-Salem, NC" },
  { "city": "Chesapeake", "state": "VA", "stateName": "Virginia", "display": "Chesapeake, VA" },
  { "city": "Norfolk", "state": "VA", "stateName": "Virginia", "display": "Norfolk, VA" },
  { "city": "Fremont", "state": "CA", "stateName": "California", "display": "Fremont, CA" },
  { "city": "Garland", "state": "TX", "stateName": "Texas", "display": "Garland, TX" },
  { "city": "Irving", "state": "TX", "stateName": "Texas", "display": "Irving, TX" },
  { "city": "Hialeah", "state": "FL", "stateName": "Florida", "display": "Hialeah, FL" },
  { "city": "Richmond", "state": "VA", "stateName": "Virginia", "display": "Richmond, VA" },
  { "city": "Boise", "state": "ID", "stateName": "Idaho", "display": "Boise, ID" },
  { "city": "Spokane", "state": "WA", "stateName": "Washington", "display": "Spokane, WA" },
  { "city": "Baton Rouge", "state": "LA", "stateName": "Louisiana", "display": "Baton Rouge, LA" }
]

